Name,Total_Attendance,Avg_Confidence,Avg_Quality,Avg_Processing_Time,Present_Percentage
Alice Johnson,21,0.8015714285714285,0.7616190476190476,128.5857142857143,100.0
Bob Smith,20,0.8221999999999999,0.74485,132.395,100.0
Carol Davis,21,0.8246666666666668,0.7619999999999999,140.1095238095238,100.0
David Wilson,21,0.8287142857142856,0.758095238095238,122.14285714285714,100.0
Eva Brown,19,0.8078421052631579,0.7412105263157894,122.06842105263159,100.0
